[
  {
    "nama_perumahan": "Perumahan ABC",
    "alamat": "Jl. Sudirman No.1",
    "tipe": 36,
    "luas_tanah": 100,
    "kecamatan": "Pekanbaru Kota",
    "nomor_hp": "08123456789",
    "gambar": "https://via.placeholder.com/150",
    "y": 101.4131,
    "x": 0.5031
  },
  {
    "nama_perumahan": "Perumahan B",
    "alamat": "Jl. Hang Tuah No.5",
    "tipe": 45,
    "luas_tanah": 120,
    "kecamatan": "Tampan",
    "nomor_hp": "08123456788",
    "gambar": "https://via.placeholder.com/150",
    "y": 101.4194,
    "x": 0.5447
  },
  {
    "nama_perumahan": "Perumahan C",
    "alamat": "Jl. Ahmad Yani No.10",
    "tipe": 54,
    "luas_tanah": 150,
    "kecamatan": "Sukajadi",
    "nomor_hp": "08123456787",
    "gambar": "https://via.placeholder.com/150",
    "y": 101.3967,
    "x": 0.5186
  }
]
